id,nombre,apellido,email
1,Gabey,Baudoux,gbaudoux0@soup.io
2,Gregory,Eberz,geberz1@wikipedia.org
3,Des,Dudbridge,ddudbridge2@google.com.hk
4,Bondie,Mattielli,bmattielli3@oaic.gov.au
5,Terrill,Jewks,tjewks4@xrea.com
6,Simmonds,Kingsnoad,skingsnoad5@istockphoto.com
7,Lise,Fairleigh,lfairleigh6@engadget.com
8,Arlin,Wride,awride7@flavors.me
9,Xenia,Pole,xpole8@admin.ch
10,Tanitansy,Nozzolinii,tnozzolinii9@github.io
11,Nata,Culleford,nculleforda@illinois.edu
12,Alana,Larmour,alarmourb@abc.net.au
13,Niven,Underwood,nunderwoodc@npr.org
14,Keene,Phipard-Shears,kphipardshearsd@a8.net
15,Jamima,Gateshill,jgateshille@theglobeandmail.com
16,Eydie,Dennerly,edennerlyf@usa.gov
17,Simon,Dark,sdarkg@mit.edu
18,Basilius,Edwinson,bedwinsonh@paginegialle.it
19,Marijn,Dowdall,mdowdalli@newyorker.com
20,Wyn,Wakelin,wwakelinj@jugem.jp
